Date,Time,User,Diagram,Action,File,Commit Message,Version,Commit Hash
02.05.2025,21:00:40,"Lucas Dreger","1.1.1. SAP Cloud Simplified","Modified (Update)","1.1.1. SAP Cloud Simplified.drawio to 1.1.1. SAP Cloud Simplified.html","Update 1.1.1. SAP Cloud Simplified.drawio","1.8","beb7793"
05.05.2025,06:17:33,"Lucas Dreger","3.2.1. SAP Cloud Simplified","Modified (Update)","3.2.1. SAP Cloud Simplified.drawio to 3.2.1. SAP Cloud Simplified.html","Update 3.2.1. SAP Cloud Simplified.drawio","1.1","de49b62"
05.05.2025,07:29:33,"Lucas Dreger","3.1.2. SAP Cloud Simplified","Modified (Update)","3.1.2. SAP Cloud Simplified.drawio to 3.1.2. SAP Cloud Simplified.html","Rename 3.2.1. SAP Cloud Simplified.drawio to 3.1.2. SAP Cloud Simplified.drawio","1.2","62464a5"
05.05.2025,07:51:37,"Lucas Dreger","3.1 SAP Cloud Authentication","Modified (Update)","3.1 SAP Cloud Authentication.drawio to 3.1 SAP Cloud Authentication.html","Update 3.1 SAP Cloud Authentication.drawio","1.1","7f8b2d4"
05.05.2025,08:03:01,"Lucas Dreger","3.1 SAP Cloud Authentication","Modified (Update)","3.1 SAP Cloud Authentication.drawio to 3.1 SAP Cloud Authentication.html","Update 3.1 SAP Cloud Authentication.drawio","1.2","77fd7da"
05.05.2025,08:28:56,"Lucas Dreger","3.1 SAP Cloud Authentication","Modified (Update)","3.1 SAP Cloud Authentication.drawio to 3.1 SAP Cloud Authentication.html","Update 3.1 SAP Cloud Authentication.drawio","1.4","7006579"
05.05.2025,09:01:51,"Lucas Dreger","3.1 Test","Modified (Update)","3.1 Test.drawio to 3.1 Test.html","Added 3.1 Test.drawio","1.1","447bdb1"
07.05.2025,17:18:08,"25","drawio_files/25.drawio","","Update 25.drawio","b9fa355"
07.05.2025,17:58:03,"25","drawio_files/25.drawio","","Update 25.drawio","a012933"
12.05.2025,08:15:36,"17","drawio_files/17.drawio","","Update 17.drawio","f7eec07"
12.05.2025,14:16:14,"18","drawio_files/18.drawio","","Update 18.drawio","548704f"
12.05.2025,14:18:54,"19","drawio_files/19.drawio","","Added 19.drawio","31fadfc"
12.05.2025,15:19:49,"20","drawio_files/20.drawio","","Added 20.drawio","5ec5c6c"
12.05.2025,16:14:35,"21","drawio_files/21.drawio","","Added 21.drawio","3f8bd05"
13.05.2025,09:01:11,"26","drawio_files/26.drawio","","Update 26.drawio","1b1f460"
13.05.2025,09:02:51,"27","drawio_files/27.drawio","","Added 27.drawio","b61a09a"
13.05.2025,09:27:18,"27","drawio_files/27.drawio","","Update 27.drawio","1e440f5"
13.05.2025,09:29:04,"28","drawio_files/28.drawio","","Added 28.drawio","1d443b2"
13.05.2025,11:12:24,"30 (019)","drawio_files/30 (019).drawio","","Chore: Assign IDs to new diagrams and update counter [skip ci]","f9d372c"
13.05.2025,11:14:53,"30 (020)","drawio_files/30 (020).drawio","","Chore: Assign IDs to new diagrams and update counter [skip ci]","da5f633"
13.05.2025,11:33:31,"41 (021)","drawio_files/41 (021).drawio","","Chore: Assign IDs to new diagrams and update counter [skip ci]","c6dd012"
13.05.2025,11:35:30,"41","drawio_files/41.drawio","","Update 41.drawio","982d3b3"
13.05.2025,11:40:46,"31 (022)","drawio_files/31 (022).drawio","","Chore: Assign IDs to new diagrams and update counter [skip ci]","32d0289"
13.05.2025,11:43:28,"31","drawio_files/31.drawio","","Update 31.drawio","6dc419e"
13.05.2025,11:51:28,"17 (001)","drawio_files/17 (001).drawio","","Chore: Assign IDs to new diagrams and update counter [skip ci]","e90973c"
13.05.2025,11:51:32,"18 (002)","drawio_files/18 (002).drawio","","Chore: Assign IDs to new diagrams and update counter [skip ci]","e90973c"
13.05.2025,11:51:36,"19 (003)","drawio_files/19 (003).drawio","","Chore: Assign IDs to new diagrams and update counter [skip ci]","e90973c"
13.05.2025,11:51:40,"20 (004)","drawio_files/20 (004).drawio","","Chore: Assign IDs to new diagrams and update counter [skip ci]","e90973c"
13.05.2025,11:51:44,"21 (005)","drawio_files/21 (005).drawio","","Chore: Assign IDs to new diagrams and update counter [skip ci]","e90973c"
13.05.2025,11:51:47,"22 (006)","drawio_files/22 (006).drawio","","Chore: Assign IDs to new diagrams and update counter [skip ci]","e90973c"
13.05.2025,11:51:51,"23 (007)","drawio_files/23 (007).drawio","","Chore: Assign IDs to new diagrams and update counter [skip ci]","e90973c"
13.05.2025,11:51:54,"24 (008)","drawio_files/24 (008).drawio","","Chore: Assign IDs to new diagrams and update counter [skip ci]","e90973c"
13.05.2025,11:51:58,"25 (009)","drawio_files/25 (009).drawio","","Chore: Assign IDs to new diagrams and update counter [skip ci]","e90973c"
13.05.2025,11:52:01,"26 (010)","drawio_files/26 (010).drawio","","Chore: Assign IDs to new diagrams and update counter [skip ci]","e90973c"
13.05.2025,11:52:05,"27 (011)","drawio_files/27 (011).drawio","","Chore: Assign IDs to new diagrams and update counter [skip ci]","e90973c"
13.05.2025,11:52:09,"28 (012)","drawio_files/28 (012).drawio","","Chore: Assign IDs to new diagrams and update counter [skip ci]","e90973c"
13.05.2025,11:52:12,"29 (013)","drawio_files/29 (013).drawio","","Chore: Assign IDs to new diagrams and update counter [skip ci]","e90973c"
13.05.2025,11:52:16,"3.1 SAP Cloud Authentication (014)","drawio_files/3.1 SAP Cloud Authentication (014).drawio","","Chore: Assign IDs to new diagrams and update counter [skip ci]","e90973c"
13.05.2025,11:52:23,"3.1.1. SAP Cloud Simplified (016)","drawio_files/3.1.1. SAP Cloud Simplified (016).drawio","","Chore: Assign IDs to new diagrams and update counter [skip ci]","e90973c"
13.05.2025,11:52:27,"3.1.2. SAP Cloud Simplified (017)","drawio_files/3.1.2. SAP Cloud Simplified (017).drawio","","Chore: Assign IDs to new diagrams and update counter [skip ci]","e90973c"
13.05.2025,11:52:31,"30 (019)","drawio_files/30 (019).drawio","","Chore: Assign IDs to new diagrams and update counter [skip ci]","e90973c"
13.05.2025,11:52:34,"30 (020)","drawio_files/30 (020).drawio","","Chore: Assign IDs to new diagrams and update counter [skip ci]","e90973c"
13.05.2025,11:52:38,"31 (022)","drawio_files/31 (022).drawio","","Chore: Assign IDs to new diagrams and update counter [skip ci]","e90973c"
13.05.2025,11:52:41,"32 (023)","drawio_files/32 (023).drawio","","Chore: Assign IDs to new diagrams and update counter [skip ci]","e90973c"
13.05.2025,11:52:44,"41 (021)","drawio_files/41 (021).drawio","","Chore: Assign IDs to new diagrams and update counter [skip ci]","e90973c"
13.05.2025,11:52:48,"Untitled Diagram (018)","drawio_files/Untitled Diagram (018).drawio","","Chore: Assign IDs to new diagrams and update counter [skip ci]","e90973c"
13.05.2025,11:54:33,"17 (001)","drawio_files/17 (001).drawio","","Update 32.drawio","625c70a"
13.05.2025,11:54:37,"18 (002)","drawio_files/18 (002).drawio","","Update 32.drawio","625c70a"
13.05.2025,11:54:40,"19 (003)","drawio_files/19 (003).drawio","","Update 32.drawio","625c70a"
13.05.2025,11:54:44,"20 (004)","drawio_files/20 (004).drawio","","Update 32.drawio","625c70a"
13.05.2025,11:54:49,"21 (005)","drawio_files/21 (005).drawio","","Update 32.drawio","625c70a"
13.05.2025,11:54:53,"22 (006)","drawio_files/22 (006).drawio","","Update 32.drawio","625c70a"
13.05.2025,11:54:57,"23 (007)","drawio_files/23 (007).drawio","","Update 32.drawio","625c70a"
13.05.2025,11:55:00,"24 (008)","drawio_files/24 (008).drawio","","Update 32.drawio","625c70a"
13.05.2025,11:55:04,"25 (009)","drawio_files/25 (009).drawio","","Update 32.drawio","625c70a"
13.05.2025,11:55:07,"26 (010)","drawio_files/26 (010).drawio","","Update 32.drawio","625c70a"
13.05.2025,11:55:11,"27 (011)","drawio_files/27 (011).drawio","","Update 32.drawio","625c70a"
13.05.2025,11:55:15,"28 (012)","drawio_files/28 (012).drawio","","Update 32.drawio","625c70a"
13.05.2025,11:55:18,"29 (013)","drawio_files/29 (013).drawio","","Update 32.drawio","625c70a"
13.05.2025,11:55:22,"3.1 SAP Cloud Authentication (014)","drawio_files/3.1 SAP Cloud Authentication (014).drawio","","Update 32.drawio","625c70a"
13.05.2025,11:55:29,"3.1.1. SAP Cloud Simplified (016)","drawio_files/3.1.1. SAP Cloud Simplified (016).drawio","","Update 32.drawio","625c70a"
13.05.2025,11:55:33,"3.1.2. SAP Cloud Simplified (017)","drawio_files/3.1.2. SAP Cloud Simplified (017).drawio","","Update 32.drawio","625c70a"
13.05.2025,11:55:36,"30 (019)","drawio_files/30 (019).drawio","","Update 32.drawio","625c70a"
13.05.2025,11:55:40,"30 (020)","drawio_files/30 (020).drawio","","Update 32.drawio","625c70a"
13.05.2025,11:55:43,"31 (022)","drawio_files/31 (022).drawio","","Update 32.drawio","625c70a"
13.05.2025,11:55:47,"32 (023)","drawio_files/32 (023).drawio","","Update 32.drawio","625c70a"
13.05.2025,11:55:50,"41 (021)","drawio_files/41 (021).drawio","","Update 32.drawio","625c70a"
13.05.2025,11:55:54,"Untitled Diagram (018)","drawio_files/Untitled Diagram (018).drawio","","Update 32.drawio","625c70a"
13.05.2025,12:00:37,"17 (001)","drawio_files/17 (001).drawio","","Chore: Assign IDs to new diagrams and update counter [skip ci]","1b86806"
13.05.2025,12:00:41,"18 (002)","drawio_files/18 (002).drawio","","Chore: Assign IDs to new diagrams and update counter [skip ci]","1b86806"
13.05.2025,12:00:45,"19 (003)","drawio_files/19 (003).drawio","","Chore: Assign IDs to new diagrams and update counter [skip ci]","1b86806"
13.05.2025,12:00:49,"20 (004)","drawio_files/20 (004).drawio","","Chore: Assign IDs to new diagrams and update counter [skip ci]","1b86806"
13.05.2025,12:00:53,"21 (005)","drawio_files/21 (005).drawio","","Chore: Assign IDs to new diagrams and update counter [skip ci]","1b86806"
13.05.2025,12:00:56,"22 (006)","drawio_files/22 (006).drawio","","Chore: Assign IDs to new diagrams and update counter [skip ci]","1b86806"
13.05.2025,12:01:00,"23 (007)","drawio_files/23 (007).drawio","","Chore: Assign IDs to new diagrams and update counter [skip ci]","1b86806"
13.05.2025,12:01:04,"24 (008)","drawio_files/24 (008).drawio","","Chore: Assign IDs to new diagrams and update counter [skip ci]","1b86806"
13.05.2025,12:01:07,"25 (009)","drawio_files/25 (009).drawio","","Chore: Assign IDs to new diagrams and update counter [skip ci]","1b86806"
13.05.2025,12:01:11,"26 (010)","drawio_files/26 (010).drawio","","Chore: Assign IDs to new diagrams and update counter [skip ci]","1b86806"
13.05.2025,12:01:14,"27 (011)","drawio_files/27 (011).drawio","","Chore: Assign IDs to new diagrams and update counter [skip ci]","1b86806"
13.05.2025,12:01:18,"28 (012)","drawio_files/28 (012).drawio","","Chore: Assign IDs to new diagrams and update counter [skip ci]","1b86806"
13.05.2025,12:01:21,"29 (013)","drawio_files/29 (013).drawio","","Chore: Assign IDs to new diagrams and update counter [skip ci]","1b86806"
13.05.2025,12:01:25,"3.1 SAP Cloud Authentication (014)","drawio_files/3.1 SAP Cloud Authentication (014).drawio","","Chore: Assign IDs to new diagrams and update counter [skip ci]","1b86806"
13.05.2025,12:01:32,"3.1.1. SAP Cloud Simplified (016)","drawio_files/3.1.1. SAP Cloud Simplified (016).drawio","","Chore: Assign IDs to new diagrams and update counter [skip ci]","1b86806"
13.05.2025,12:01:36,"3.1.2. SAP Cloud Simplified (017)","drawio_files/3.1.2. SAP Cloud Simplified (017).drawio","","Chore: Assign IDs to new diagrams and update counter [skip ci]","1b86806"
13.05.2025,12:01:40,"30 (019)","drawio_files/30 (019).drawio","","Chore: Assign IDs to new diagrams and update counter [skip ci]","1b86806"
13.05.2025,12:01:43,"30 (020)","drawio_files/30 (020).drawio","","Chore: Assign IDs to new diagrams and update counter [skip ci]","1b86806"
13.05.2025,12:01:47,"31 (022)","drawio_files/31 (022).drawio","","Chore: Assign IDs to new diagrams and update counter [skip ci]","1b86806"
13.05.2025,12:01:50,"32 (023)","drawio_files/32 (023).drawio","","Chore: Assign IDs to new diagrams and update counter [skip ci]","1b86806"
13.05.2025,12:01:54,"33 (024)","drawio_files/33 (024).drawio","","Chore: Assign IDs to new diagrams and update counter [skip ci]","1b86806"
13.05.2025,12:01:57,"41 (021)","drawio_files/41 (021).drawio","","Chore: Assign IDs to new diagrams and update counter [skip ci]","1b86806"
13.05.2025,12:02:01,"Untitled Diagram (018)","drawio_files/Untitled Diagram (018).drawio","","Chore: Assign IDs to new diagrams and update counter [skip ci]","1b86806"
13.05.2025,12:07:06,"17 (001)","drawio_files/17 (001).drawio","","Update 33.drawio","192a5a0"
13.05.2025,12:07:10,"18 (002)","drawio_files/18 (002).drawio","","Update 33.drawio","192a5a0"
13.05.2025,12:07:14,"19 (003)","drawio_files/19 (003).drawio","","Update 33.drawio","192a5a0"
13.05.2025,12:07:18,"20 (004)","drawio_files/20 (004).drawio","","Update 33.drawio","192a5a0"
13.05.2025,12:07:22,"21 (005)","drawio_files/21 (005).drawio","","Update 33.drawio","192a5a0"
13.05.2025,12:07:26,"22 (006)","drawio_files/22 (006).drawio","","Update 33.drawio","192a5a0"
13.05.2025,12:07:30,"23 (007)","drawio_files/23 (007).drawio","","Update 33.drawio","192a5a0"
13.05.2025,12:07:34,"24 (008)","drawio_files/24 (008).drawio","","Update 33.drawio","192a5a0"
13.05.2025,12:07:38,"25 (009)","drawio_files/25 (009).drawio","","Update 33.drawio","192a5a0"
13.05.2025,12:07:42,"26 (010)","drawio_files/26 (010).drawio","","Update 33.drawio","192a5a0"
13.05.2025,12:07:45,"27 (011)","drawio_files/27 (011).drawio","","Update 33.drawio","192a5a0"
13.05.2025,12:07:49,"28 (012)","drawio_files/28 (012).drawio","","Update 33.drawio","192a5a0"
13.05.2025,12:07:52,"29 (013)","drawio_files/29 (013).drawio","","Update 33.drawio","192a5a0"
13.05.2025,12:07:56,"3.1 SAP Cloud Authentication (014)","drawio_files/3.1 SAP Cloud Authentication (014).drawio","","Update 33.drawio","192a5a0"
13.05.2025,12:08:03,"3.1.1. SAP Cloud Simplified (016)","drawio_files/3.1.1. SAP Cloud Simplified (016).drawio","","Update 33.drawio","192a5a0"
13.05.2025,12:08:07,"3.1.2. SAP Cloud Simplified (017)","drawio_files/3.1.2. SAP Cloud Simplified (017).drawio","","Update 33.drawio","192a5a0"
13.05.2025,12:08:11,"30 (019)","drawio_files/30 (019).drawio","","Update 33.drawio","192a5a0"
13.05.2025,12:08:14,"30 (020)","drawio_files/30 (020).drawio","","Update 33.drawio","192a5a0"
13.05.2025,12:08:18,"31 (022)","drawio_files/31 (022).drawio","","Update 33.drawio","192a5a0"
13.05.2025,12:08:21,"32 (023)","drawio_files/32 (023).drawio","","Update 33.drawio","192a5a0"
13.05.2025,12:08:25,"33 (024)","drawio_files/33 (024).drawio","","Update 33.drawio","192a5a0"
13.05.2025,12:08:28,"41 (021)","drawio_files/41 (021).drawio","","Update 33.drawio","192a5a0"
13.05.2025,12:08:32,"Untitled Diagram (018)","drawio_files/Untitled Diagram (018).drawio","","Update 33.drawio","192a5a0"
13.05.2025,12:19:58,"34 (025)","drawio_files/34 (025).drawio","","Chore: Assign IDs to new diagrams and update counter [skip ci]","6b3ee2c"
13.05.2025,12:52:03,"35 (026)","drawio_files/35 (026).drawio","","Chore: Assign IDs to new diagrams and update counter [skip ci]",1.0,"715b17b"
13.05.2025,12:57:56,"36 (027)","drawio_files/36 (027).drawio","","Chore: Assign IDs to new diagrams and update counter [skip ci]",1.0,"9117ce2"
13.05.2025,13:01:50,"37 (028)","drawio_files/37 (028).drawio","","Chore: Assign IDs to new diagrams and update counter [skip ci]",1.0,"58c12be"
13.05.2025,13:25:07,"38 (029)","drawio_files/38 (029).drawio","","Added 38.drawio",1.0,"8e1ff21"
13.05.2025,13:25:11,"39 (030)","drawio_files/39 (030).drawio","","Added 39.drawio",1.0,"ed83681"
13.05.2025,13:25:15,"44 (031)","drawio_files/44 (031).drawio","","Added 44.drawio",1.0,"5954cef"
13.05.2025,13:25:19,"45 (032)","drawio_files/45 (032).drawio","","Added 45.drawio",1.0,"adc4338"
13.05.2025,13:28:00,"46 (033)","drawio_files/46 (033).drawio","","Added test 46.drawio",1.0,"865f367"
14.05.2025,07:07:48,"17 (001)","drawio_files/17 (001).drawio","","Chore: Assign IDs to new diagrams and update counter [skip ci]",1.0,"7b89569"
14.05.2025,07:07:52,"18 (002)","drawio_files/18 (002).drawio","","Chore: Assign IDs to new diagrams and update counter [skip ci]",1.0,"7b89569"
14.05.2025,07:07:56,"19 (003)","drawio_files/19 (003).drawio","","Chore: Assign IDs to new diagrams and update counter [skip ci]",1.0,"7b89569"
14.05.2025,07:08:01,"20 (004)","drawio_files/20 (004).drawio","","Chore: Assign IDs to new diagrams and update counter [skip ci]",1.0,"7b89569"
14.05.2025,07:08:05,"21 (005)","drawio_files/21 (005).drawio","","Chore: Assign IDs to new diagrams and update counter [skip ci]",1.0,"7b89569"
14.05.2025,07:08:09,"22 (006)","drawio_files/22 (006).drawio","","Chore: Assign IDs to new diagrams and update counter [skip ci]",1.0,"7b89569"
14.05.2025,07:08:13,"23 (007)","drawio_files/23 (007).drawio","","Chore: Assign IDs to new diagrams and update counter [skip ci]",1.0,"7b89569"
14.05.2025,07:08:16,"24 (008)","drawio_files/24 (008).drawio","","Chore: Assign IDs to new diagrams and update counter [skip ci]",1.0,"7b89569"
14.05.2025,07:08:20,"25 (009)","drawio_files/25 (009).drawio","","Chore: Assign IDs to new diagrams and update counter [skip ci]",1.0,"7b89569"
14.05.2025,07:08:23,"26 (010)","drawio_files/26 (010).drawio","","Chore: Assign IDs to new diagrams and update counter [skip ci]",1.0,"7b89569"
14.05.2025,07:08:27,"27 (011)","drawio_files/27 (011).drawio","","Chore: Assign IDs to new diagrams and update counter [skip ci]",1.0,"7b89569"
14.05.2025,07:08:31,"28 (012)","drawio_files/28 (012).drawio","","Chore: Assign IDs to new diagrams and update counter [skip ci]",1.0,"7b89569"
14.05.2025,07:08:34,"29 (013)","drawio_files/29 (013).drawio","","Chore: Assign IDs to new diagrams and update counter [skip ci]",1.0,"7b89569"
14.05.2025,07:08:38,"3.1 SAP Cloud Authentication (014)","drawio_files/3.1 SAP Cloud Authentication (014).drawio","","Chore: Assign IDs to new diagrams and update counter [skip ci]",1.0,"7b89569"
14.05.2025,07:08:45,"3.1.1. SAP Cloud Simplified (016)","drawio_files/3.1.1. SAP Cloud Simplified (016).drawio","","Chore: Assign IDs to new diagrams and update counter [skip ci]",1.0,"7b89569"
14.05.2025,07:08:49,"3.1.2. SAP Cloud Simplified (017)","drawio_files/3.1.2. SAP Cloud Simplified (017).drawio","","Chore: Assign IDs to new diagrams and update counter [skip ci]",1.0,"7b89569"
14.05.2025,07:08:53,"30 (019)","drawio_files/30 (019).drawio","","Chore: Assign IDs to new diagrams and update counter [skip ci]",1.0,"f9d372c"
14.05.2025,07:08:57,"30 (020)","drawio_files/30 (020).drawio","","Chore: Assign IDs to new diagrams and update counter [skip ci]",1.0,"da5f633"
14.05.2025,07:09:00,"31 (022)","drawio_files/31 (022).drawio","","Chore: Assign IDs to new diagrams and update counter [skip ci]",1.0,"32d0289"
14.05.2025,07:09:04,"32 (023)","drawio_files/32 (023).drawio","","Chore: Assign IDs to new diagrams and update counter [skip ci]",1.0,"e90973c"
14.05.2025,07:09:08,"33 (024)","drawio_files/33 (024).drawio","","Chore: Assign IDs to new diagrams and update counter [skip ci]",1.0,"1b86806"
14.05.2025,07:09:11,"34 (025)","drawio_files/34 (025).drawio","","Chore: Assign IDs to new diagrams and update counter [skip ci]",1.0,"6b3ee2c"
14.05.2025,07:09:15,"35 (026)","drawio_files/35 (026).drawio","","Chore: Assign IDs to new diagrams and update counter [skip ci]",1.0,"715b17b"
14.05.2025,07:09:19,"36 (027)","drawio_files/36 (027).drawio","","Chore: Assign IDs to new diagrams and update counter [skip ci]",1.0,"9117ce2"
14.05.2025,07:09:22,"37 (028)","drawio_files/37 (028).drawio","","Chore: Assign IDs to new diagrams and update counter [skip ci]",1.0,"58c12be"
14.05.2025,07:09:26,"38 (029)","drawio_files/38 (029).drawio","","Added 38.drawio",1.0,"8e1ff21"
14.05.2025,07:09:30,"39 (030)","drawio_files/39 (030).drawio","","Added 39.drawio",1.0,"ed83681"
14.05.2025,07:09:33,"41 (021)","drawio_files/41 (021).drawio","","Chore: Assign IDs to new diagrams and update counter [skip ci]",1.0,"c6dd012"
14.05.2025,07:09:37,"44 (031)","drawio_files/44 (031).drawio","","Added 44.drawio",1.0,"5954cef"
14.05.2025,07:09:41,"45 (032)","drawio_files/45 (032).drawio","","Added 45.drawio",1.0,"adc4338"
14.05.2025,07:09:44,"46 (033)","drawio_files/46 (033).drawio","","Added test 46.drawio",1.0,"865f367"
14.05.2025,07:09:48,"Untitled Diagram (018)","drawio_files/Untitled Diagram (018).drawio","","Chore: Assign IDs to new diagrams and update counter [skip ci]",1.0,"7b89569"
14.05.2025,09:12:54,"17 (001)","drawio_files/17 (001).drawio","","Chore: Assign IDs to new diagrams and update counter [skip ci]",1.0,"7b89569"
14.05.2025,09:12:58,"18 (002)","drawio_files/18 (002).drawio","","Chore: Assign IDs to new diagrams and update counter [skip ci]",1.0,"7b89569"
14.05.2025,09:13:02,"19 (003)","drawio_files/19 (003).drawio","","Chore: Assign IDs to new diagrams and update counter [skip ci]",1.0,"7b89569"
14.05.2025,09:13:06,"20 (004)","drawio_files/20 (004).drawio","","Chore: Assign IDs to new diagrams and update counter [skip ci]",1.0,"7b89569"
14.05.2025,09:13:10,"21 (005)","drawio_files/21 (005).drawio","","Chore: Assign IDs to new diagrams and update counter [skip ci]",1.0,"7b89569"
14.05.2025,09:13:14,"22 (006)","drawio_files/22 (006).drawio","","Chore: Assign IDs to new diagrams and update counter [skip ci]",1.0,"7b89569"
14.05.2025,09:13:17,"23 (007)","drawio_files/23 (007).drawio","","Chore: Assign IDs to new diagrams and update counter [skip ci]",1.0,"7b89569"
14.05.2025,09:13:20,"24 (008)","drawio_files/24 (008).drawio","","Chore: Assign IDs to new diagrams and update counter [skip ci]",1.0,"7b89569"
14.05.2025,09:13:24,"25 (009)","drawio_files/25 (009).drawio","","Chore: Assign IDs to new diagrams and update counter [skip ci]",1.0,"7b89569"
14.05.2025,09:13:27,"26 (010)","drawio_files/26 (010).drawio","","Chore: Assign IDs to new diagrams and update counter [skip ci]",1.0,"7b89569"
14.05.2025,09:13:31,"27 (011)","drawio_files/27 (011).drawio","","Chore: Assign IDs to new diagrams and update counter [skip ci]",1.0,"7b89569"
14.05.2025,09:13:34,"28 (012)","drawio_files/28 (012).drawio","","Chore: Assign IDs to new diagrams and update counter [skip ci]",1.0,"7b89569"
14.05.2025,09:13:38,"29 (013)","drawio_files/29 (013).drawio","","Chore: Assign IDs to new diagrams and update counter [skip ci]",1.0,"7b89569"
14.05.2025,09:13:42,"3.1 SAP Cloud Authentication (014)","drawio_files/3.1 SAP Cloud Authentication (014).drawio","","Chore: Assign IDs to new diagrams and update counter [skip ci]",1.0,"7b89569"
14.05.2025,09:13:49,"3.1.1. SAP Cloud Simplified (016)","drawio_files/3.1.1. SAP Cloud Simplified (016).drawio","","Chore: Assign IDs to new diagrams and update counter [skip ci]",1.0,"7b89569"
14.05.2025,09:13:52,"3.1.2. SAP Cloud Simplified (017)","drawio_files/3.1.2. SAP Cloud Simplified (017).drawio","","Chore: Assign IDs to new diagrams and update counter [skip ci]",1.0,"7b89569"
14.05.2025,09:13:56,"30 (019)","drawio_files/30 (019).drawio","","Chore: Assign IDs to new diagrams and update counter [skip ci]",1.0,"f9d372c"
14.05.2025,09:13:59,"30 (020)","drawio_files/30 (020).drawio","","Chore: Assign IDs to new diagrams and update counter [skip ci]",1.0,"da5f633"
14.05.2025,09:14:03,"31 (022)","drawio_files/31 (022).drawio","","Chore: Assign IDs to new diagrams and update counter [skip ci]",1.0,"32d0289"
14.05.2025,09:14:06,"32 (023)","drawio_files/32 (023).drawio","","Chore: Assign IDs to new diagrams and update counter [skip ci]",1.0,"e90973c"
14.05.2025,09:14:10,"33 (024)","drawio_files/33 (024).drawio","","Chore: Assign IDs to new diagrams and update counter [skip ci]",1.0,"1b86806"
14.05.2025,09:14:13,"34 (025)","drawio_files/34 (025).drawio","","Chore: Assign IDs to new diagrams and update counter [skip ci]",1.0,"6b3ee2c"
14.05.2025,09:14:17,"35 (026)","drawio_files/35 (026).drawio","","Chore: Assign IDs to new diagrams and update counter [skip ci]",1.0,"715b17b"
14.05.2025,09:14:20,"36 (027)","drawio_files/36 (027).drawio","","Chore: Assign IDs to new diagrams and update counter [skip ci]",1.0,"9117ce2"
14.05.2025,09:14:24,"37 (028)","drawio_files/37 (028).drawio","","Chore: Assign IDs to new diagrams and update counter [skip ci]",1.0,"58c12be"
14.05.2025,09:14:27,"38 (029)","drawio_files/38 (029).drawio","","Added 38.drawio",1.0,"8e1ff21"
14.05.2025,09:14:31,"39 (030)","drawio_files/39 (030).drawio","","Added 39.drawio",1.0,"ed83681"
14.05.2025,09:14:34,"41 (021)","drawio_files/41 (021).drawio","","Chore: Assign IDs to new diagrams and update counter [skip ci]",1.0,"c6dd012"
14.05.2025,09:14:38,"44 (031)","drawio_files/44 (031).drawio","","Added 44.drawio",1.0,"5954cef"
14.05.2025,09:14:41,"45 (032)","drawio_files/45 (032).drawio","","Added 45.drawio",1.0,"adc4338"
14.05.2025,09:14:45,"46 (033)","drawio_files/46 (033).drawio","","Added test 46.drawio",1.0,"865f367"
14.05.2025,09:14:48,"47 (034)","drawio_files/47 (034).drawio","","Added 47.drawio",1.0,"6c82467"
14.05.2025,09:14:52,"48 (035)","drawio_files/48 (035).drawio","","Added 48.drawio",1.0,"e7ba473"
14.05.2025,09:14:55,"Untitled Diagram (018)","drawio_files/Untitled Diagram (018).drawio","","Chore: Assign IDs to new diagrams and update counter [skip ci]",1.0,"7b89569"
14.05.2025,10:56:30,"17 (001)","drawio_files/17 (001).drawio","","Update 17.drawio",1.0,"f7eec07"
14.05.2025,10:56:34,"18 (002)","drawio_files/18 (002).drawio","","Update 18.drawio",1.0,"548704f"
14.05.2025,10:56:38,"19 (003)","drawio_files/19 (003).drawio","","Added 19.drawio",1.0,"31fadfc"
14.05.2025,10:56:42,"20 (004)","drawio_files/20 (004).drawio","","Added 19.drawio",1.0,"31fadfc"
14.05.2025,10:56:46,"21 (005)","drawio_files/21 (005).drawio","","Added 21.drawio",1.0,"3f8bd05"
14.05.2025,10:56:50,"22 (006)","drawio_files/22 (006).drawio","","Added 21.drawio",1.0,"3f8bd05"
14.05.2025,10:56:53,"23 (007)","drawio_files/23 (007).drawio","","Added 21.drawio",1.0,"3f8bd05"
14.05.2025,10:56:57,"24 (008)","drawio_files/24 (008).drawio","","Added 21.drawio",1.0,"3f8bd05"
14.05.2025,10:57:01,"25 (009)","drawio_files/25 (009).drawio","","Update 25.drawio",1.0,"2ed754f"
14.05.2025,10:57:04,"26 (010)","drawio_files/26 (010).drawio","","Update 26.drawio",1.0,"1b1f460"
14.05.2025,10:57:08,"27 (011)","drawio_files/27 (011).drawio","","Update 27.drawio",1.0,"1e440f5"
14.05.2025,10:57:11,"28 (012)","drawio_files/28 (012).drawio","","Added 21.drawio",1.0,"3f8bd05"
14.05.2025,10:57:15,"29 (013)","drawio_files/29 (013).drawio","","Added 21.drawio",1.0,"3f8bd05"
14.05.2025,10:57:19,"3.1 SAP Cloud Authentication (014)","drawio_files/3.1 SAP Cloud Authentication (014).drawio","","Update 3.1 SAP Cloud Authentication.drawio",1.0,"7006579"
14.05.2025,10:57:26,"3.1.1. SAP Cloud Simplified (016)","drawio_files/3.1.1. SAP Cloud Simplified (016).drawio","","Rename 1.1.1. SAP Cloud Simplified.drawio to 3.1.1. SAP Cloud Simplified.drawio",1.0,"ce2f196"
14.05.2025,10:57:30,"3.1.2. SAP Cloud Simplified (017)","drawio_files/3.1.2. SAP Cloud Simplified (017).drawio","","Rename 3.2.1. SAP Cloud Simplified.drawio to 3.1.2. SAP Cloud Simplified.drawio",1.0,"62464a5"
14.05.2025,10:57:33,"30 (019)","drawio_files/30 (019).drawio","","Added 30.drawio",1.0,"9aada54"
14.05.2025,10:57:37,"30 (020)","drawio_files/30 (020).drawio","","Update 30.drawio",1.0,"d530081"
14.05.2025,10:57:41,"31 (022)","drawio_files/31 (022).drawio","","Added 31.drawio",1.0,"4ec0cbd"
14.05.2025,10:57:44,"32 (023)","drawio_files/32 (023).drawio","","Added 32.drawio",1.0,"b313cd3"
14.05.2025,10:57:48,"33 (024)","drawio_files/33 (024).drawio","","Added 33.drawio",1.0,"92d63f2"
14.05.2025,10:57:51,"34 (025)","drawio_files/34 (025).drawio","","Added 34.drawio",1.0,"c0d4453"
14.05.2025,10:57:55,"35 (026)","drawio_files/35 (026).drawio","","Added 35.drawio",1.0,"28532e1"
14.05.2025,10:57:58,"36 (027)","drawio_files/36 (027).drawio","","Added 36.drawio",1.0,"7d7e983"
14.05.2025,10:58:02,"37 (028)","drawio_files/37 (028).drawio","","Added 37.drawio",1.0,"8840311"
14.05.2025,10:58:05,"38 (029)","drawio_files/38 (029).drawio","","Added 38.drawio",1.0,"8e1ff21"
14.05.2025,10:58:09,"39 (030)","drawio_files/39 (030).drawio","","Added 39.drawio",1.0,"ed83681"
14.05.2025,10:58:13,"41 (021)","drawio_files/41 (021).drawio","","Added 41.drawio",1.0,"badb6f6"
14.05.2025,10:58:16,"44 (031)","drawio_files/44 (031).drawio","","Added 44.drawio",1.0,"5954cef"
14.05.2025,10:58:20,"45 (032)","drawio_files/45 (032).drawio","","Added 45.drawio",1.0,"adc4338"
14.05.2025,10:58:23,"46 (033)","drawio_files/46 (033).drawio","","Added test 46.drawio",1.0,"865f367"
14.05.2025,10:58:27,"47 (034)","drawio_files/47 (034).drawio","","Added 47.drawio",1.0,"6c82467"
14.05.2025,10:58:30,"48 (035)","drawio_files/48 (035).drawio","","Added 48.drawio",1.0,"e7ba473"
14.05.2025,10:58:34,"49 (036)","drawio_files/49 (036).drawio","","Added 49.drawio",1.0,"2c0e182"
14.05.2025,10:58:37,"Untitled Diagram (018)","drawio_files/Untitled Diagram (018).drawio","","Update Untitled Diagram.drawio",1.0,"70435c2"
